zero,celsius,fahrenheit
0,100,212
0,105,221
0,0,32
0,0.555555555555556,33
0,1.11111111111111,34
0,1.66666666666667,35
0,2.22222222222222,36
0,2.77777777777778,37
0,3.33333333333333,38
0,3.88888888888889,39
0,4.44444444444444,40
0,5,41
0,5.55555555555556,42
0,6.11111111111111,43
0,6.66666666666667,44
0,7.22222222222222,45
0,7.77777777777778,46
0,8.33333333333333,47
0,8.88888888888889,48
0,9.44444444444445,49
0,10,50
0,10.5555555555556,51
0,11.1111111111111,52
0,11.6666666666667,53
